"","snowmelt","snowmelt_l95","snowmelt_u95","phase_temp","phase_temp_l95","phase_temp_u95","onset_ice_melt","onset_ice_melt_l95","onset_ice_melt_u95","year","year_l95","year_u95","site_name","site_name_l95","site_name_u95","plot_id","plot_id_l95","plot_id_u95","year_fac","year_fac_l95","year_fac_u95","site_name_year_fac","site_name_year_fac_l95","site_name_year_fac_u95"
"1",3.26104658635176,2.62074414535418,3.90762487514503,-2.20398936403899,-3.02956724086616,-1.39384963342727,-0.00989217153996229,-0.931571945289397,0.910671819272829,-0.0922671754387145,-1.29181611226668,1.072223783615,194.955492995767,0.106525816054368,1283.25382665491,21.4717094834013,17.1704943123203,26.6889814220933,2.09863540369036,0.00479115237601031,7.95446111293205,9.40210162801056,5.58143074887258,14.7033431478532
