"","snowmelt","snowmelt_l95","snowmelt_u95","phase_temp","phase_temp_l95","phase_temp_u95","onset_ice_melt","onset_ice_melt_l95","onset_ice_melt_u95","year","year_l95","year_u95","site_name","site_name_l95","site_name_u95","plot_id","plot_id_l95","plot_id_u95","year_fac","year_fac_l95","year_fac_u95","site_name_year_fac","site_name_year_fac_l95","site_name_year_fac_u95"
"1",2.99236093703013,2.03518939089554,3.99322224990465,-2.44003956650947,-3.17162618674047,-1.68851246208578,-0.137139710558131,-1.06132657808485,0.765430292380188,0.0817174710439045,-1.13943141221898,1.25122381738038,280.264604982893,4.23673308808274e-09,1081.49966730117,30.0949112916353,23.9001394011101,36.4659573013741,2.55673443469085,4.266073615215e-09,7.32191115589955,9.20951103931091,4.90663267332619,14.0170999975273
