"","model_name","effect_mean","effect_l95","effect_u95","year_cont_mean","year_cont_l95","year_cont_u95","site_name_mean","site_name_l95","site_name_u95","plot_id_mean","plot_id_l95","plot_id_u95","year_fact_mean","year_fact_l95","year_fact_u95","year_site_mean","year_site_l95","year_site_u95"
"1","snow",3.35623465883653,2.78183574874129,3.97130358617142,-0.929840175697369,-1.90393334523833,0.152138213165017,5.27039627406456,2.19170711239075e-17,4.12624810678585,21.1563440950696,16.5882019141877,25.8799999965464,0.114724765811347,1.34730296213525e-16,0.29338996505253,13.3522103001839,8.74740615096721,19.0275813456611
"2","temp",-2.46262678464375,-3.17439971827844,-1.68933223713248,-0.534960346891123,-1.81818908147397,0.786336659810331,9.63732571304359,2.55715806060303e-17,33.6340270805027,29.7828572515194,23.8370455050268,36.2125065111023,0.000127430437352997,7.10766089879402e-17,8.55657589048379e-06,22.981325196858,15.3666671731326,32.080875630359
"3","spring_drop",-0.328001700886158,-1.58571975641826,1.18393744685454,-1.80996199150517,-3.43633867395693,-0.328377178506344,3.13902302538464,2.39464374693264e-17,1.87172854860933,29.4588864724052,23.3464564378997,35.6330194698179,0.0990023557765023,1.10505218527975e-16,0.390366881793139,31.3593455012109,20.1552336131427,43.6518624253103
"4","spring_extent",-0.389240367679408,-1.89254190581369,1.16601373963931,-1.83624669668438,-3.38530387885112,-0.320042714680312,6.3274050267519,3.3903226731536e-17,19.2313180642757,29.5937189981608,23.8202989189398,36.4035842850035,4.87975769193057e-05,7.87140992546847e-17,2.43268724264349e-06,31.9053209559633,20.3940157321029,43.5968255581422
