"","snowmelt","snowmelt_l95","snowmelt_u95","phase_temp","phase_temp_l95","phase_temp_u95","onset_ice_melt","onset_ice_melt_l95","onset_ice_melt_u95","year","year_l95","year_u95","site_name","site_name_l95","site_name_u95","plot_id","plot_id_l95","plot_id_u95","year_fac","year_fac_l95","year_fac_u95","site_name_year_fac","site_name_year_fac_l95","site_name_year_fac_u95"
"1",3.26317816102819,2.62474818366754,3.90629174730693,-2.20589602954569,-3.03377419833232,-1.3937686498155,-0.0132084040419751,-0.937083886416258,0.912761739124834,-0.0924597571481964,-1.29362091681251,1.07620523555679,153.295510151934,0.0772869997555227,968.942156103333,21.4493787614015,17.1538416766463,26.6731786428409,2.11689303163811,0.00472454658403882,8.03385670877345,9.40137512895884,5.57882828131457,14.7166490840017
